{
  "in_sample": {
    "total_return_%": 404.05599873814657,
    "max_drawdown_%": 0.0473367124953893,
    "sharpe_ratio": 0.6978486040590153,
    "sortino_ratio": Infinity,
    "calmar_ratio": 610.3249700582891,
    "total_trades": 11,
    "win_rate_%": 90.9090909090909,
    "profit_factor": Infinity
  },
  "out_of_sample": {
    "total_return_%": 230.6865730650718,
    "max_drawdown_%": 0.22851573977646145,
    "sharpe_ratio": 0.8340480690741837,
    "sortino_ratio": Infinity,
    "calmar_ratio": 226.10204635538045,
    "total_trades": 8,
    "win_rate_%": 87.5,
    "profit_factor": 417.7310461776946
  }
}