{
  "in_sample": {
    "total_return_%": 409.58418777310504,
    "max_drawdown_%": 0.0,
    "sharpe_ratio": 0.70788634189711,
    "sortino_ratio": Infinity,
    "calmar_ratio": Infinity,
    "total_trades": 12,
    "win_rate_%": 100.0,
    "profit_factor": Infinity
  },
  "out_of_sample": {
    "total_return_%": 232.9009524926335,
    "max_drawdown_%": 0.3714500799219955,
    "sharpe_ratio": 0.8298490986690638,
    "sortino_ratio": Infinity,
    "calmar_ratio": 137.51318095845855,
    "total_trades": 9,
    "win_rate_%": 88.88888888888889,
    "profit_factor": 226.42013817833103
  }
}