{
  "in_sample": {
    "total_return_%": 394.3019909500674,
    "max_drawdown_%": 0.8525937400299024,
    "sharpe_ratio": 0.6901549518635046,
    "sortino_ratio": 3.156552188116205,
    "calmar_ratio": 33.46498468570321,
    "total_trades": 11,
    "win_rate_%": 81.81818181818183,
    "profit_factor": 98.88653746820228
  },
  "out_of_sample": {
    "total_return_%": 232.160803774131,
    "max_drawdown_%": 0.7251715252753617,
    "sharpe_ratio": 0.8352190856144236,
    "sortino_ratio": 69.90727558865468,
    "calmar_ratio": 71.28807001138317,
    "total_trades": 9,
    "win_rate_%": 77.77777777777779,
    "profit_factor": 60.95860932758847
  }
}