{
  "in_sample": {
    "total_return_%": 401.89921686018863,
    "max_drawdown_%": 0.8397964482537261,
    "sharpe_ratio": 0.7043948654169663,
    "sortino_ratio": Infinity,
    "calmar_ratio": 33.75334413648149,
    "total_trades": 12,
    "win_rate_%": 91.66666666666666,
    "profit_factor": 100.81147974748387
  },
  "out_of_sample": {
    "total_return_%": 234.55596346714702,
    "max_drawdown_%": 0.22851573977646145,
    "sharpe_ratio": 0.8364299664359114,
    "sortino_ratio": Infinity,
    "calmar_ratio": 225.72087848719886,
    "total_trades": 9,
    "win_rate_%": 88.88888888888889,
    "profit_factor": 425.0316890740329
  }
}