{
  "in_sample": {
    "total_return_%": 401.89921686018863,
    "max_drawdown_%": 0.8397964482537261,
    "sharpe_ratio": 0.7049873809588005,
    "sortino_ratio": Infinity,
    "calmar_ratio": 33.81007244595457,
    "total_trades": 12,
    "win_rate_%": 91.66666666666666,
    "profit_factor": 100.81147974748387
  },
  "out_of_sample": {
    "total_return_%": 238.771635855782,
    "max_drawdown_%": 0.0,
    "sharpe_ratio": 0.8436496954032255,
    "sortino_ratio": Infinity,
    "calmar_ratio": Infinity,
    "total_trades": 8,
    "win_rate_%": 100.0,
    "profit_factor": Infinity
  }
}