{
  "in_sample": {
    "total_return_%": 407.0169103412556,
    "max_drawdown_%": 0.0,
    "sharpe_ratio": 0.7065306969409051,
    "sortino_ratio": Infinity,
    "calmar_ratio": Infinity,
    "total_trades": 12,
    "win_rate_%": 100.0,
    "profit_factor": Infinity
  },
  "out_of_sample": {
    "total_return_%": 234.5923099394603,
    "max_drawdown_%": 0.13723099710159697,
    "sharpe_ratio": 0.8373888043480373,
    "sortino_ratio": Infinity,
    "calmar_ratio": 372.8431078493139,
    "total_trades": 9,
    "win_rate_%": 88.88888888888889,
    "profit_factor": 910.9174199526692
  }
}