{
  "in_sample": {
    "total_return_%": 398.45208469061254,
    "max_drawdown_%": 0.8455550989972995,
    "sharpe_ratio": 0.6925716775937986,
    "sortino_ratio": Infinity,
    "calmar_ratio": 33.82025632566163,
    "total_trades": 11,
    "win_rate_%": 90.9090909090909,
    "profit_factor": 99.91109299554532
  },
  "out_of_sample": {
    "total_return_%": 235.0904823994578,
    "max_drawdown_%": 0.7251715252753617,
    "sharpe_ratio": 0.8388260295820938,
    "sortino_ratio": Infinity,
    "calmar_ratio": 71.49998594602671,
    "total_trades": 9,
    "win_rate_%": 88.88888888888889,
    "profit_factor": 125.83722260011248
  }
}