{
  "in_sample": {
    "total_return_%": 407.54129795355027,
    "max_drawdown_%": 0.04618427439101933,
    "sharpe_ratio": 0.701083930551304,
    "sortino_ratio": Infinity,
    "calmar_ratio": 635.9570505037506,
    "total_trades": 12,
    "win_rate_%": 91.66666666666666,
    "profit_factor": Infinity
  },
  "out_of_sample": {
    "total_return_%": 221.84786008087434,
    "max_drawdown_%": 3.162191318574569,
    "sharpe_ratio": 0.7901335867549268,
    "sortino_ratio": Infinity,
    "calmar_ratio": 16.635302416338053,
    "total_trades": 8,
    "win_rate_%": 87.5,
    "profit_factor": 76.43329786963214
  }
}