{
  "in_sample": {
    "total_return_%": 404.8578443706627,
    "max_drawdown_%": 0.046374837586406883,
    "sharpe_ratio": 0.6948514977539966,
    "sortino_ratio": Infinity,
    "calmar_ratio": 634.168900843906,
    "total_trades": 11,
    "win_rate_%": 90.9090909090909,
    "profit_factor": Infinity
  },
  "out_of_sample": {
    "total_return_%": 221.84786008087434,
    "max_drawdown_%": 3.162191318574569,
    "sharpe_ratio": 0.7906600709999874,
    "sortino_ratio": Infinity,
    "calmar_ratio": 16.657453285068193,
    "total_trades": 8,
    "win_rate_%": 87.5,
    "profit_factor": 76.43329786963214
  }
}