{
  "in_sample": {
    "total_return_%": 407.0169103412556,
    "max_drawdown_%": 0.0,
    "sharpe_ratio": 0.7063342404932748,
    "sortino_ratio": Infinity,
    "calmar_ratio": Infinity,
    "total_trades": 12,
    "win_rate_%": 100.0,
    "profit_factor": Infinity
  },
  "out_of_sample": {
    "total_return_%": 233.2343139119046,
    "max_drawdown_%": 0.27168372433605487,
    "sharpe_ratio": 0.830919652076188,
    "sortino_ratio": Infinity,
    "calmar_ratio": 188.37349670189943,
    "total_trades": 9,
    "win_rate_%": 88.88888888888889,
    "profit_factor": 333.05859136272716
  }
}