{
  "in_sample": {
    "total_return_%": 398.3848060457799,
    "max_drawdown_%": 0.046374837586406883,
    "sharpe_ratio": 0.6945259252593814,
    "sortino_ratio": Infinity,
    "calmar_ratio": 635.6260781492508,
    "total_trades": 11,
    "win_rate_%": 90.9090909090909,
    "profit_factor": Infinity
  },
  "out_of_sample": {
    "total_return_%": 408.2083397327059,
    "max_drawdown_%": 1.0865805218532893,
    "sharpe_ratio": 0.7558611790393408,
    "sortino_ratio": Infinity,
    "calmar_ratio": 78.99986913607242,
    "total_trades": 10,
    "win_rate_%": 90.0,
    "profit_factor": 139.48137936279574
  }
}