{
  "in_sample": {
    "total_return_%": 401.48872130629707,
    "max_drawdown_%": 0.0473367124953893,
    "sharpe_ratio": 0.696699481218649,
    "sortino_ratio": Infinity,
    "calmar_ratio": 609.8015952835716,
    "total_trades": 11,
    "win_rate_%": 90.9090909090909,
    "profit_factor": Infinity
  },
  "out_of_sample": {
    "total_return_%": 232.48204953629053,
    "max_drawdown_%": 0.0,
    "sharpe_ratio": 0.837505971074376,
    "sortino_ratio": Infinity,
    "calmar_ratio": Infinity,
    "total_trades": 8,
    "win_rate_%": 100.0,
    "profit_factor": Infinity
  }
}