{
  "in_sample": {
    "total_return_%": 398.65334543756614,
    "max_drawdown_%": 0.0473367124953893,
    "sharpe_ratio": 0.6955775363642427,
    "sortino_ratio": Infinity,
    "calmar_ratio": 608.8947004130763,
    "total_trades": 11,
    "win_rate_%": 90.9090909090909,
    "profit_factor": Infinity
  },
  "out_of_sample": {
    "total_return_%": 235.17965573429115,
    "max_drawdown_%": 0.0,
    "sharpe_ratio": 0.8459838056760469,
    "sortino_ratio": Infinity,
    "calmar_ratio": Infinity,
    "total_trades": 7,
    "win_rate_%": 100.0,
    "profit_factor": Infinity
  }
}