{
  "in_sample": {
    "total_return_%": 398.45208469061254,
    "max_drawdown_%": 0.8455550989972995,
    "sharpe_ratio": 0.6921823985466541,
    "sortino_ratio": Infinity,
    "calmar_ratio": 33.78229868668782,
    "total_trades": 11,
    "win_rate_%": 90.9090909090909,
    "profit_factor": 99.91109299554532
  },
  "out_of_sample": {
    "total_return_%": 232.160803774131,
    "max_drawdown_%": 0.7251715252753617,
    "sharpe_ratio": 0.83357740970376,
    "sortino_ratio": 69.63312940987565,
    "calmar_ratio": 71.00850895251499,
    "total_trades": 9,
    "win_rate_%": 77.77777777777779,
    "profit_factor": 60.95860932758847
  }
}