{
  "in_sample": {
    "total_return_%": 398.65334543756614,
    "max_drawdown_%": 0.0473367124953893,
    "sharpe_ratio": 0.6971605449861288,
    "sortino_ratio": Infinity,
    "calmar_ratio": 611.6655522920892,
    "total_trades": 11,
    "win_rate_%": 90.9090909090909,
    "profit_factor": Infinity
  },
  "out_of_sample": {
    "total_return_%": 226.01055616890915,
    "max_drawdown_%": 3.162191318574569,
    "sharpe_ratio": 0.7945066874017235,
    "sortino_ratio": Infinity,
    "calmar_ratio": 16.790082460910092,
    "total_trades": 7,
    "win_rate_%": 85.71428571428571,
    "profit_factor": 77.7710561917184
  }
}