{
  "in_sample": {
    "total_return_%": 406.2825356598677,
    "max_drawdown_%": 0.046374837586406883,
    "sharpe_ratio": 0.6972451428962916,
    "sortino_ratio": Infinity,
    "calmar_ratio": 637.5526957644346,
    "total_trades": 11,
    "win_rate_%": 90.9090909090909,
    "profit_factor": Infinity
  },
  "out_of_sample": {
    "total_return_%": 226.01055616890915,
    "max_drawdown_%": 3.162191318574569,
    "sharpe_ratio": 0.7971573081885499,
    "sortino_ratio": Infinity,
    "calmar_ratio": 16.90216578841951,
    "total_trades": 7,
    "win_rate_%": 85.71428571428571,
    "profit_factor": 77.7710561917184
  }
}