{
  "in_sample": {
    "total_return_%": 409.58418777310504,
    "max_drawdown_%": 0.0,
    "sharpe_ratio": 0.7076897252567017,
    "sortino_ratio": Infinity,
    "calmar_ratio": Infinity,
    "total_trades": 12,
    "win_rate_%": 100.0,
    "profit_factor": Infinity
  },
  "out_of_sample": {
    "total_return_%": 233.88927234887797,
    "max_drawdown_%": 0.07567179092166608,
    "sharpe_ratio": 0.8314246748059836,
    "sortino_ratio": Infinity,
    "calmar_ratio": 676.2851245031475,
    "total_trades": 9,
    "win_rate_%": 88.88888888888889,
    "profit_factor": 4460.4767221133725
  }
}