{
  "in_sample": {
    "total_return_%": 393.37619542561066,
    "max_drawdown_%": 0.8541799235531177,
    "sharpe_ratio": 0.689095984788193,
    "sortino_ratio": 3.144473662758838,
    "calmar_ratio": 33.33547284026929,
    "total_trades": 11,
    "win_rate_%": 81.81818181818183,
    "profit_factor": 98.65798144487565
  },
  "out_of_sample": {
    "total_return_%": 235.0904823994578,
    "max_drawdown_%": 0.7251715252753617,
    "sharpe_ratio": 0.8393763559439722,
    "sortino_ratio": Infinity,
    "calmar_ratio": 71.5936949708577,
    "total_trades": 9,
    "win_rate_%": 88.88888888888889,
    "profit_factor": 125.83722260011248
  }
}