{
  "in_sample": {
    "total_return_%": 398.3848060457799,
    "max_drawdown_%": 0.046374837586406883,
    "sharpe_ratio": 0.6939254464772829,
    "sortino_ratio": Infinity,
    "calmar_ratio": 634.5289100051497,
    "total_trades": 11,
    "win_rate_%": 90.9090909090909,
    "profit_factor": Infinity
  },
  "out_of_sample": {
    "total_return_%": 417.03282787143354,
    "max_drawdown_%": 1.0865805218532893,
    "sharpe_ratio": 0.7601958318465493,
    "sortino_ratio": Infinity,
    "calmar_ratio": 79.40129870217355,
    "total_trades": 8,
    "win_rate_%": 87.5,
    "profit_factor": 142.32538477389173
  }
}