{
  "in_sample": {
    "total_return_%": 401.89921686018863,
    "max_drawdown_%": 0.8397964482537261,
    "sharpe_ratio": 0.7047897096737282,
    "sortino_ratio": Infinity,
    "calmar_ratio": 33.79114183428269,
    "total_trades": 12,
    "win_rate_%": 91.66666666666666,
    "profit_factor": 100.81147974748387
  },
  "out_of_sample": {
    "total_return_%": 234.4543938390025,
    "max_drawdown_%": 0.0,
    "sharpe_ratio": 0.8368200302993222,
    "sortino_ratio": Infinity,
    "calmar_ratio": Infinity,
    "total_trades": 8,
    "win_rate_%": 100.0,
    "profit_factor": Infinity
  }
}