{
  "in_sample": {
    "total_return_%": 400.1535097657167,
    "max_drawdown_%": 0.04713817917951098,
    "sharpe_ratio": 0.7032695374361313,
    "sortino_ratio": Infinity,
    "calmar_ratio": 613.3540599021856,
    "total_trades": 12,
    "win_rate_%": 91.66666666666666,
    "profit_factor": Infinity
  },
  "out_of_sample": {
    "total_return_%": 226.01055616890915,
    "max_drawdown_%": 3.162191318574569,
    "sharpe_ratio": 0.7945066874017235,
    "sortino_ratio": Infinity,
    "calmar_ratio": 16.790082460910092,
    "total_trades": 7,
    "win_rate_%": 85.71428571428571,
    "profit_factor": 77.7710561917184
  }
}