{
  "in_sample": {
    "total_return_%": 405.7680268417165,
    "max_drawdown_%": 0.0,
    "sharpe_ratio": 0.7048223907685242,
    "sortino_ratio": Infinity,
    "calmar_ratio": Infinity,
    "total_trades": 13,
    "win_rate_%": 100.0,
    "profit_factor": Infinity
  },
  "out_of_sample": {
    "total_return_%": 230.6865730650718,
    "max_drawdown_%": 0.22851573977646145,
    "sharpe_ratio": 0.8291460407385004,
    "sortino_ratio": Infinity,
    "calmar_ratio": 223.45585855668284,
    "total_trades": 8,
    "win_rate_%": 87.5,
    "profit_factor": 417.7310461776946
  }
}