{
  "in_sample": {
    "total_return_%": 398.65334543756614,
    "max_drawdown_%": 0.0473367124953893,
    "sharpe_ratio": 0.6965656510391688,
    "sortino_ratio": Infinity,
    "calmar_ratio": 610.6235326118641,
    "total_trades": 11,
    "win_rate_%": 90.9090909090909,
    "profit_factor": Infinity
  },
  "out_of_sample": {
    "total_return_%": 235.17965573429115,
    "max_drawdown_%": 0.0,
    "sharpe_ratio": 0.8476654664208768,
    "sortino_ratio": Infinity,
    "calmar_ratio": Infinity,
    "total_trades": 7,
    "win_rate_%": 100.0,
    "profit_factor": Infinity
  }
}