{
  "in_sample": {
    "total_return_%": 400.14706780154097,
    "max_drawdown_%": 0.8427136871056791,
    "sharpe_ratio": 0.6983782797310712,
    "sortino_ratio": Infinity,
    "calmar_ratio": 33.58458252998435,
    "total_trades": 13,
    "win_rate_%": 92.3076923076923,
    "profit_factor": 100.42829252408181
  },
  "out_of_sample": {
    "total_return_%": 232.6860974922227,
    "max_drawdown_%": 0.22851573977646145,
    "sharpe_ratio": 0.8329016459916133,
    "sortino_ratio": Infinity,
    "calmar_ratio": 224.61504383985817,
    "total_trades": 9,
    "win_rate_%": 88.88888888888889,
    "profit_factor": 421.67707759709657
  }
}