{
  "in_sample_metrics": {
    "total_return_%": 403.8909505166142,
    "max_drawdown_%": 0.8365047458623918,
    "sharpe_ratio": 0.7481819591838225,
    "sortino_ratio": 4.586965113468487,
    "calmar_ratio": 34.403991415645585,
    "total_trades": 13,
    "win_rate_%": 76.92307692307693,
    "profit_factor": 94.61541501180466
  },
  "out_of_sample_metrics": {
    "total_return_%": 837.9567701103683,
    "max_drawdown_%": 0.43382612574879426,
    "sharpe_ratio": 0.920159382893959,
    "sortino_ratio": Infinity,
    "calmar_ratio": 267.33366112737565,
    "total_trades": 9,
    "win_rate_%": 88.88888888888889,
    "profit_factor": 443.53741973239977
  }
}