{
  "in_sample_metrics": {
    "total_return_%": 401.89962667582944,
    "max_drawdown_%": 0.04625585348021036,
    "sharpe_ratio": 0.6997181710347364,
    "sortino_ratio": Infinity,
    "calmar_ratio": 639.3782347728688,
    "total_trades": 11,
    "win_rate_%": 90.9090909090909,
    "profit_factor": Infinity
  },
  "out_of_sample_metrics": {
    "total_return_%": 678.4945341757376,
    "max_drawdown_%": 0.0,
    "sharpe_ratio": 0.8840942354319486,
    "sortino_ratio": Infinity,
    "calmar_ratio": Infinity,
    "total_trades": 9,
    "win_rate_%": 100.0,
    "profit_factor": Infinity
  }
}